,accuracy,loss,val_accuracy,val_loss
0,0.5243213772773743,1.068064570426941,0.6752023100852966,0.8660685420036316
1,0.6607687473297119,0.7603649497032166,0.6437975764274597,0.9910951256752014
