,accuracy,loss,val_accuracy,val_loss
0,0.5689785480499268,0.9193851947784424,0.7041913270950317,0.6690566539764404
1,0.7313928604125977,0.5153932571411133,0.7561299800872803,0.5372075438499451
2,0.7682598829269409,0.4622986316680908,0.78536057472229,0.49867764115333557
3,0.7915697693824768,0.4237492084503174,0.7717115879058838,0.5440798401832581
