,accuracy,loss,val_accuracy,val_loss
0,0.765934944152832,0.5231780409812927,0.834883451461792,0.3988730311393738
1,0.8503276109695435,0.31144726276397705,0.8583162426948547,0.39827173948287964
2,0.8903650641441345,0.23718760907649994,0.8673753142356873,0.3714495301246643
3,0.9365922808647156,0.14469991624355316,0.8573499321937561,0.5621509552001953
4,0.9597511887550354,0.10546450316905975,0.8525184392929077,0.6325095295906067
5,0.9708022475242615,0.07428890466690063,0.8580746650695801,0.629433810710907
